{
  "baseline": {
    "task_a": {
      "loss": 0.7196605801582336
    },
    "task_b": {
      "loss": 0.1752314567565918
    }
  },
  "pcgrad": {
    "task_a": {
      "loss": 0.0035888724960386
    },
    "task_b": {
      "loss": 1.9045767784118648
    }
  }
}