{
  "baseline": {
    "task_a": {
      "accuracy": 0.55,
      "f1_score": 0.5360824742268041
    },
    "task_b": {
      "accuracy": 0.55,
      "f1_score": 0.5360824742268041
    }
  },
  "pcgrad": {
    "task_a": {
      "accuracy": 0.54,
      "f1_score": 0.4888888888888889
    },
    "task_b": {
      "accuracy": 0.54,
      "f1_score": 0.4888888888888889
    }
  }
}
